query,title,ebay_id,picture_0,picture_1,picture_2,picture_3,picture_4,picture_4,picture_5,picture_6,picture_7,picture_8,picture_9,picture_10,picture_11
iphone 12,Apple iPhone 12 5G 128GB NUOVO Originale Smartphone iOS 14 Black ,133559765981,https://i.ebayimg.com/00/s/NTU2WDQ3MA==/z/6AEAAOSwsgtfmasC/$_57.PNG?set_id=8800005007
iphone 8 plus,iPhone 8 / 8 PLUS 64GB 256GB A1897 A1905 Grado A+ Fatturabile NO RICONDIZIONATO,384050938155,https://i.ebayimg.com/00/s/MTAwMFgxMDAw/z/wtkAAOSw3dBgWIOi/$_57.JPG?set_id=8800005007,https://i.ebayimg.com/00/s/MTAwMFgxMDAw/z/0xIAAOSwemVgWLgN/$_57.JPG?set_id=8800005007,https://i.ebayimg.com/00/s/OTAwWDkwMA==/z/3r8AAOSwl59gWLgO/$_57.JPG?set_id=8800005007,https://i.ebayimg.com/00/s/MTE0NFgxMTQ0/z/nHoAAOSw2epgWLgP/$_57.JPG?set_id=8800005007,https://i.ebayimg.com/00/s/MTE0NFgxMTQ0/z/YKgAAOSwpMlgWLgQ/$_57.JPG?set_id=8800005007,https://i.ebayimg.com/00/s/MTA1OFg1Njg=/z/JYgAAOSwgGpgWLhW/$_57.JPG?set_id=8800005007,https://i.ebayimg.com/00/s/ODAwWDgwMA==/z/0RkAAOSwvFdgWLhY/$_57.JPG?set_id=8800005007,https://i.ebayimg.com/00/s/MTE0NFgxMTQ0/z/5ugAAOSwcCRgWLhZ/$_57.JPG?set_id=8800005007
xiaomi redmi note 8 pro,XIAOMI REDMI NOTE 10 PRO 64/128GB. 6GB RAM. SNAPDRAGON 732G . ¡VERSION ESPAÑOL!,224388431065,https://i.ebayimg.com/00/s/NTAwWDQyNA==/z/tXIAAOSwt5ZgUfX2/$_57.JPG?set_id=8800005007,https://i.ebayimg.com/00/s/NTAwWDQyNA==/z/LyoAAOSwDJ5gUfWh/$_57.JPG?set_id=8800005007,https://i.ebayimg.com/00/s/NTAwWDQyNA==/z/Ng8AAOSwz5JgUfX8/$_57.JPG?set_id=8800005007,https://i.ebayimg.com/00/s/NzY4WDUwMA==/z/w~AAAOSwUstgUf9b/$_57.JPG?set_id=8800005007,https://i.ebayimg.com/00/s/NzY4WDUwMA==/z/TkkAAOSw9iZgUf9X/$_57.JPG?set_id=8800005007,https://i.ebayimg.com/00/s/NzY4WDUwMA==/z/X08AAOSw0~pgUf9f/$_57.JPG?set_id=8800005007,https://i.ebayimg.com/00/s/ODAwWDgwMA==/z/2fcAAOSwwhdgUfYY/$_57.JPG?set_id=8800005007,https://i.ebayimg.com/00/s/ODAwWDgwMA==/z/BCwAAOSwl29gUfYP/$_57.JPG?set_id=8800005007,https://i.ebayimg.com/00/s/ODAwWDgwMA==/z/ENoAAOSwLGpgUfYU/$_57.JPG?set_id=8800005007,https://i.ebayimg.com/00/s/NjY1WDc4Mw==/z/G2MAAOSwuzFgUJyx/$_57.PNG?set_id=8800005007,https://i.ebayimg.com/00/s/NDU1WDY4OQ==/z/iaQAAOSw88xgUJyy/$_57.PNG?set_id=8800005007,https://i.ebayimg.com/00/s/ODYwWDk2MA==/z/mv0AAOSwsVtgUfZQ/$_57.PNG?set_id=8800005007
iphone 12,Apple iPhone 12 mini 5G 128GB NUOVO Originale Smartphone iOS GREEN Verde,154199453726,https://i.ebayimg.com/00/s/NTU2WDQ3MA==/z/RHcAAOSwaB9ftADO/$_57.PNG?set_id=8800005007
iphone 12,Apple iPhone 12 Pro - 64gb - Negro -  (Desbloqueado),164929259725,https://i.ebayimg.com/00/s/OTYwWDk2MA==/z/lfcAAOSwG9Jg1Sam/$_12.JPG?set_id=880000500F,https://i.ebayimg.com/00/s/OTYwWDk2MA==/z/msUAAOSwlPNg1Sad/$_12.JPG?set_id=880000500F
iphone 12,"iPhone 12 Pro - 128GB - Grafito Comprado en Noviembre 2020, aún en garantía",133802620391,https://i.ebayimg.com/00/s/MTYwMFgxMjAw/z/O9IAAOSwtV1g0hSa/$_57.JPG?set_id=880000500F,https://i.ebayimg.com/00/s/MTYwMFgxMjAw/z/yv8AAOSwxvFg0hSb/$_57.JPG?set_id=880000500F,https://i.ebayimg.com/00/s/MTYwMFgxMjAw/z/wHUAAOSwrYxg0hSY/$_57.JPG?set_id=880000500F,https://i.ebayimg.com/00/s/MTYwMFgxMjAw/z/wLMAAOSw02dg0hSz/$_57.JPG?set_id=880000500F,https://i.ebayimg.com/00/s/MTYwMFgxMjAw/z/pMkAAOSwiOBg0hSl/$_57.JPG?set_id=880000500F,https://i.ebayimg.com/00/s/MTYwMFgxMjAw/z/E9gAAOSwkL1g0hSe/$_57.JPG?set_id=880000500F,https://i.ebayimg.com/00/s/MTYwMFgxMjAw/z/DJYAAOSw19lg0hSg/$_57.JPG?set_id=880000500F
iphone 12,Apple iPhone 12 mini 5G 128GB NUOVO Originale Smartphone iOS 14 BLUE blu,154205503230,https://i.ebayimg.com/00/s/NTU2WDQ3MA==/z/wzoAAOSwWgNfuOxn/$_57.PNG?set_id=8800005007
iphone 12,Apple iPhone 12 mini 5G 128GB NUOVO Originale Smartphone iOS 14 BLACK nero,154205500760,https://i.ebayimg.com/00/s/NTU2WDQ3MA==/z/VNQAAOSw2d9fuOtb/$_57.PNG?set_id=8800005007
iphone 8 plus,Apple iPhone 8 Plus 64Gb Oro Plata Gris Espacial,203450301000,https://i.ebayimg.com/00/s/OTAwWDkwMA==/z/g6QAAOSwDd1go4f6/$_57.JPG?set_id=8800005007,https://i.ebayimg.com/00/s/OTAwWDkwMA==/z/1QsAAOSwz1Ngo4f5/$_57.JPG?set_id=8800005007,https://i.ebayimg.com/00/s/OTAwWDkwMA==/z/1kkAAOSwzi5go4f5/$_57.JPG?set_id=8800005007,https://i.ebayimg.com/00/s/OTAwWDkwMA==/z/QHYAAOSwts5go4f4/$_57.JPG?set_id=8800005007,https://i.ebayimg.com/00/s/OTAwWDkwMA==/z/9C0AAOSw3mlgo4gA/$_57.JPG?set_id=8800005007,https://i.ebayimg.com/00/s/OTAwWDkwMA==/z/NCQAAOSw-7Zgo4f9/$_57.JPG?set_id=8800005007,https://i.ebayimg.com/00/s/OTAwWDkwMA==/z/akoAAOSwssFgo4f8/$_57.JPG?set_id=8800005007,https://i.ebayimg.com/00/s/OTAwWDkwMA==/z/RdgAAOSwVphgo4f7/$_57.JPG?set_id=8800005007,https://i.ebayimg.com/00/s/OTAwWDkwMA==/z/31MAAOSwAO5go4f3/$_57.JPG?set_id=8800005007,https://i.ebayimg.com/00/s/OTAwWDkwMA==/z/5P4AAOSwPVlgo4gD/$_57.JPG?set_id=8800005007,https://i.ebayimg.com/00/s/OTAwWDkwMA==/z/3t4AAOSwzwVgo4gC/$_57.JPG?set_id=8800005007,https://i.ebayimg.com/00/s/OTAwWDkwMA==/z/Vg4AAOSw--tgo4gB/$_57.JPG?set_id=8800005007
xiaomi redmi note 8 pro,TELEFONO MOVIL XIAOMI REDMI NOTE 8 PRO -  6GB/64GB AZUL,303986242450,https://i.ebayimg.com/00/s/Nzk1WDYwNw==/z/nTEAAOSwrc9e3gyo/$_57.JPG?set_id=8800005007,https://i.ebayimg.com/00/s/NzQ3WDk3Mg==/z/ZSkAAOSwh-Je3gzI/$_57.JPG?set_id=8800005007,https://i.ebayimg.com/00/s/ODM2WDk3Mg==/z/sMoAAOSwqA9e3gz9/$_57.JPG?set_id=8800005007,https://i.ebayimg.com/00/s/MTAwMFgxMDAw/z/3N4AAOSw2npe3g0R/$_57.JPG?set_id=8800005007,https://i.ebayimg.com/00/s/MTAwMFgxMDAw/z/1JgAAOSwGjpe3g25/$_57.JPG?set_id=8800005007
iphone 8 plus,MÓVIL APPLE IPHONE 8 PLUS 256GB LIBRE,234063212032,https://i.ebayimg.com/00/s/NTcyWDU3Mg==/z/THwAAOSwv6Rg0J1S/$_57.JPG?set_id=8800005007,https://i.ebayimg.com/00/s/NzAwWDg2MA==/z/m0MAAOSwN55g0J40/$_57.JPG?set_id=8800005007,https://i.ebayimg.com/00/s/NTcyWDU3Mg==/z/7SEAAOSwtXJg0J15/$_57.JPG?set_id=8800005007,https://i.ebayimg.com/00/s/NTcyWDU3Mg==/z/FS8AAOSwfy1g0J1N/$_57.JPG?set_id=8800005007,https://i.ebayimg.com/00/s/MTYwMFgxMjAw/z/6OIAAOSwhdtgy302/$_57.JPG?set_id=8800005007,https://i.ebayimg.com/00/s/MTYwMFgxMjAw/z/WUkAAOSwxctgy304/$_57.JPG?set_id=8800005007,https://i.ebayimg.com/00/s/MTYwMFgxMjAw/z/SLEAAOSwi6Fgy306/$_57.JPG?set_id=8800005007,https://i.ebayimg.com/00/s/MTYwMFgxMjAw/z/josAAOSwuCVgy308/$_57.JPG?set_id=8800005007,https://i.ebayimg.com/00/s/MTYwMFgxMjAw/z/cWUAAOSwoNVgy31D/$_57.JPG?set_id=8800005007,https://i.ebayimg.com/00/s/MTYwMFgxMjAw/z/PmsAAOSwGxNgy31F/$_57.JPG?set_id=8800005007,https://i.ebayimg.com/00/s/MTYwMFgxMjAw/z/UtAAAOSwiXFgy31H/$_57.JPG?set_id=8800005007,https://i.ebayimg.com/00/s/MTYwMFgxMjAw/z/AEwAAOSwgz5gy31K/$_57.JPG?set_id=8800005007
iphone 8 plus,Apple Iphone 8 Plus 64GB libre+nuevo+ga,133367620949,https://i.ebayimg.com/00/s/Nzk2WDg3MA==/z/Hz8AAOSwk~pedne8/$_1.PNG?set_id=880000500F
xiaomi redmi note 8 pro,"Xiaomi Redmi Note 10 Pro 128GB(8GB RAM) 108MP 6,67"" Versión Global Libre NFC",353553148556,https://i.ebayimg.com/00/s/MTAwMFgxMDAw/z/fg0AAOSw0Y5g1DVa/$_12.JPG?set_id=880000500F,https://i.ebayimg.com/00/s/MTAwMFgxMDAw/z/ij0AAOSw4S1g1DVa/$_12.JPG?set_id=880000500F,https://i.ebayimg.com/00/s/MTAwMFgxMDAw/z/xWoAAOSwsg1g1DVa/$_12.JPG?set_id=880000500F,https://i.ebayimg.com/00/s/MTAwMFgxMDAw/z/zacAAOSwRv1g1DVa/$_12.JPG?set_id=880000500F,https://i.ebayimg.com/00/s/MTAwMFgxMDAw/z/63MAAOSwuFxg1DVa/$_12.JPG?set_id=880000500F,https://i.ebayimg.com/00/s/ODAwWDgwMA==/z/w5IAAOSwlCJg1DVa/$_12.JPG?set_id=880000500F,https://i.ebayimg.com/00/s/ODAwWDgwMA==/z/BNkAAOSwuQJg1DVa/$_12.JPG?set_id=880000500F,https://i.ebayimg.com/00/s/ODAwWDgwMA==/z/ibgAAOSw6h5g1DVZ/$_12.JPG?set_id=880000500F,https://i.ebayimg.com/00/s/ODAwWDgwMA==/z/h-4AAOSwjR5g1DVa/$_12.JPG?set_id=880000500F,https://i.ebayimg.com/00/s/ODAwWDgwMA==/z/AaoAAOSwbiRg1DVa/$_12.JPG?set_id=880000500F,https://i.ebayimg.com/00/s/MTAwMFgxMDAw/z/-QUAAOSwVGlg1DVb/$_12.JPG?set_id=880000500F
xiaomi redmi note 8 pro,"XIAOMI REDMI NOTE 8 PRO 6+128GB 6.53"" NFC GLOBAL LIBRE SIN ABRIR GRIS",373622942747,https://i.ebayimg.com/00/s/ODY0WDk5MA==/z/04YAAOSwMf9g0QqO/$_57.JPG?set_id=8800005007,https://i.ebayimg.com/00/s/NTg2WDYxMA==/z/qK8AAOSwWtFgDJT~/$_57.JPG?set_id=8800005007,https://i.ebayimg.com/00/s/NTg2WDYxMQ==/z/xq8AAOSwCbVgDJUB/$_57.JPG?set_id=8800005007,https://i.ebayimg.com/00/s/NTg2WDYwNw==/z/eiEAAOSwjzpgDJUD/$_57.JPG?set_id=8800005007
iphone 12,SMARTPHONE APPLE IPHONE 12 128GB LIBRE 6699038,124788248561,https://i.ebayimg.com/00/s/MTIwMFgxNjAw/z/Xt8AAOSwcmFg16rB/$_1.JPG?set_id=880000500F,https://i.ebayimg.com/00/s/MTIwMFgxNjAw/z/uhcAAOSwHdFg16rB/$_1.JPG?set_id=880000500F,https://i.ebayimg.com/00/s/MTIwMFgxNjAw/z/Kf8AAOSweo5g16rB/$_1.JPG?set_id=880000500F,https://i.ebayimg.com/00/s/MTIwMFgxNjAw/z/HvQAAOSw4Zlg16rA/$_1.JPG?set_id=880000500F,https://i.ebayimg.com/00/s/MTIwMFgxNjAw/z/yg0AAOSwYPRg16rB/$_1.JPG?set_id=880000500F
iphone 12,Apple iPhone 12 5G 64GB NUOVO Originale Smartphone iOS 14 White ,133571421739,https://i.ebayimg.com/00/s/NTU2WDQ3MA==/z/vuUAAOSwl5hfmaot/$_57.PNG?set_id=8800005007
iphone 12,Apple iPhone 12 Pro Max - 512GB-Grafito (Desbloqueado),194220961783,https://i.ebayimg.com/images/g/f70AAOSwk-BfhvuD/s-l640.jpg
iphone 12,SMARTPHONE APPLE IPHONE 12 MINI 64GB LIBRE 6661940,124769807510,https://i.ebayimg.com/00/s/NTM3WDcxNg==/z/7i4AAOSwdjxgxTXK/$_1.JPG?set_id=880000500F,https://i.ebayimg.com/00/s/MTIwMFgxNjAw/z/X7kAAOSwcC9gxTXM/$_1.JPG?set_id=880000500F,https://i.ebayimg.com/00/s/MTIwMFgxNjAw/z/zdMAAOSwu9tgxTXL/$_1.JPG?set_id=880000500F,https://i.ebayimg.com/00/s/MTIwMFgxNjAw/z/KR8AAOSwzwZgxTXL/$_1.JPG?set_id=880000500F
iphone 8 plus,Apple iPhone 8 Plus - 64GB/256GB - Dorado/Negro/Plateado-Desbloqueado-Varios Grados,114161031062,https://i.ebayimg.com/00/s/MTA4MFgxMDgw/z/xzgAAOSw0Vtef0HU/$_57.JPG?set_id=8800005007,https://i.ebayimg.com/00/s/ODczWDEwNjQ=/z/U6IAAOSwL5BefnDt/$_57.PNG?set_id=8800005007
iphone 12,Apple iPhone 12 (PRODUCTO) ROJO 64GB Desbloqueado Sim Libre Nuevo Sellado De Fábrica,224513632349,https://i.ebayimg.com/00/s/MTYwMFgxMjAw/z/6ywAAOSwYwVg2Zy6/$_12.JPG?set_id=880000500F,https://i.ebayimg.com/00/s/MTYwMFgxMjAw/z/ao8AAOSw6r9g2Zy8/$_12.JPG?set_id=880000500F,https://i.ebayimg.com/00/s/MTYwMFgxMjAw/z/RuUAAOSwyUlg2Zy-/$_12.JPG?set_id=880000500F
iphone 12,Apple iPhone 12 5G 64GB NUOVO Originale Smartphone iOS Black ,133571359505,https://i.ebayimg.com/00/s/NTU2WDQ3MA==/z/6AEAAOSwsgtfmasC/$_57.PNG?set_id=8800005007
iphone 8 plus,Apple iPhone 8 Plus - 256GB-DORADO-Desbloqueado-Estado Muy Bueno,154257941475,https://i.ebayimg.com/00/s/ODA2WDYwMA==/z/8fAAAOSwUepf4c89/$_57.JPG?set_id=8800005007,https://i.ebayimg.com/00/s/MTAwMFgxMDAw/z/jRAAAOSwpcFf4c8-/$_57.JPG?set_id=8800005007,https://i.ebayimg.com/00/s/NjAwWDYwMA==/z/V30AAOSwg3Jf4c9B/$_57.JPG?set_id=8800005007
iphone 12,Apple iPhone 12 64GB púrpura 5G Desbloqueado-Apple Caja Y Accesorios Incluidos,402956608813,https://i.ebayimg.com/00/s/MTYwMFgxMjAw/z/JyoAAOSw2npg2yZq/$_12.JPG?set_id=880000500F,https://i.ebayimg.com/00/s/MTYwMFgxMjAw/z/2FkAAOSwcfdg2yZu/$_12.JPG?set_id=880000500F,https://i.ebayimg.com/00/s/MTA4MFgxMDgw/z/BWkAAOSw-j1gw2GE/$_57.PNG?set_id=8800005007,https://i.ebayimg.com/00/s/OTczWDcxOA==/z/ZZEAAOSwktlgw2IT/$_12.JPG?set_id=880000500F,https://i.ebayimg.com/00/s/OTgwWDczOA==/z/xaYAAOSwfy1gw2IV/$_12.JPG?set_id=880000500F,https://i.ebayimg.com/00/s/MTYwMFgxMjAw/z/llQAAOSwUHtgw2Hw/$_12.JPG?set_id=880000500F,https://i.ebayimg.com/00/s/MTYwMFgxMjAw/z/JxsAAOSwhO9gw2H0/$_12.JPG?set_id=880000500F,https://i.ebayimg.com/00/s/MTYwMFgxMjAw/z/~7cAAOSwGWNgw2H8/$_12.JPG?set_id=880000500F,https://i.ebayimg.com/00/s/MTYwMFgxMjAw/z/iy8AAOSwJ2hgw2H~/$_12.JPG?set_id=880000500F,https://i.ebayimg.com/00/s/MTYwMFgxMjAw/z/vOsAAOSw4Hlgw2IF/$_12.JPG?set_id=880000500F,https://i.ebayimg.com/00/s/MTYwMFgxMjAw/z/6JYAAOSwXKNgw2II/$_12.JPG?set_id=880000500F,https://i.ebayimg.com/00/s/MTYwMFgxMjAw/z/8O4AAOSwQlxgw2IL/$_12.JPG?set_id=880000500F
iphone 12,Apple iPhone 12 mini 5G 128GB NUOVO Originale Smartphone iOS (PRODUCT)RED,133579476858,https://i.ebayimg.com/00/s/NTU2WDQ3MA==/z/bocAAOSwwlNfs~7e/$_57.PNG?set_id=8800005007
iphone 12,Apple iPhone 12 Mini 64GB 128GB 256GB Negro Blanco Rojo Verde Azul Púrpura Desbloqueado,255028285174,https://i.ebayimg.com/00/s/MTAyNFgxMjgw/z/JLEAAOSwgZdg1K2M/$_57.JPG?set_id=8800005007
iphone 8 plus,Apple iPhone 8 Plus - 64GB/128GB/256GB - Dorado/Negro/Plateado-Desbloqueado-Varios Grados,223130249986,https://i.ebayimg.com/00/s/MTA1N1gxMDU3/z/gJIAAOSwKWhd26Nj/$_57.PNG?set_id=8800005007
iphone 8 plus,Apple iPhone 8 Plus/128gb/diverse colores/distribuidor de/IVA./usado,144064043494,https://i.ebayimg.com/00/s/ODAwWDgwMA==/z/wR0AAOSwDYdcGf-M/$_57.JPG?set_id=8800005007
iphone 8 plus,Apple iPhone 8 64GB Desbloqueado Varios Colores Plus,124054535060,https://i.ebayimg.com/00/s/ODczWDEwNjQ=/z/kgYAAOSwx5VeJZuO/$_57.PNG?set_id=8800005007,https://i.ebayimg.com/00/s/MTExMlg5NDA=/z/Y5AAAOSwSeVeJZuB/$_57.PNG?set_id=8800005007,https://i.ebayimg.com/00/s/NTI5WDQ0MQ==/z/kT4AAOSw0K5eJZt8/$_57.JPG?set_id=8800005007,https://i.ebayimg.com/00/s/MTExMlg5NDA=/z/aekAAOSw0AxeJZuG/$_57.PNG?set_id=8800005007,https://i.ebayimg.com/00/s/MTUwMFg3ODI=/z/Zu0AAOSwsFZeJZty/$_57.JPG?set_id=8800005007
plancha,Plancha de vapor vertical portátil - Plancha de viaje y hogar ,154123064067,https://i.ebayimg.com/00/s/MTAwMFgxMDAw/z/gwkAAOSwNxxffD5b/$_57.JPG?set_id=8800005007,https://i.ebayimg.com/00/s/MTAwMFgxMDAw/z/3tIAAOSwkm1ffD5V/$_57.JPG?set_id=8800005007,https://i.ebayimg.com/00/s/MTAwMFgxMDAw/z/KfUAAOSw1~ZffD5Y/$_57.JPG?set_id=8800005007
plancha,Plancha de Vapor Vertical Centro de Planchado Soporte y Plancha 1200W Desinfecta,303774552439,https://i.ebayimg.com/00/s/MTYwMFgxNjAw/z/jpsAAOSwtM1ftow-/$_57.JPG?set_id=8800005007,https://i.ebayimg.com/00/s/MTYwMFgxNjAw/z/yaQAAOSwl5hftoq7/$_57.JPG?set_id=8800005007,https://i.ebayimg.com/00/s/MTYwMFgxNjAw/z/Q54AAOSwjXtftoq~/$_57.JPG?set_id=8800005007
plancha,"Plancha de Vapor 3000W, Suela de Cerámica, Anti-Goteo, Anti-Cal y Auto Limpieza",154192464154,https://i.ebayimg.com/00/s/MTAwMFgxMDAw/z/YN4AAOSwht1frn7v/$_57.JPG?set_id=8800005007,https://i.ebayimg.com/00/s/MTAwMFgxMDAw/z/1NAAAOSwaAdfrn7w/$_57.JPG?set_id=8800005007,https://i.ebayimg.com/00/s/MTAwMFgxMDAw/z/lh0AAOSwCe1frn7t/$_57.JPG?set_id=8800005007,https://i.ebayimg.com/00/s/MTAwMFgxMDAw/z/Av4AAOSwhWBfrn7q/$_57.JPG?set_id=8800005007,https://i.ebayimg.com/00/s/MTAwMFgxMDAw/z/S9kAAOSw6qdfrn7y/$_57.JPG?set_id=8800005007,https://i.ebayimg.com/00/s/MTAwMFgxMDAw/z/tCwAAOSwcSxfrn7p/$_57.JPG?set_id=8800005007,https://i.ebayimg.com/00/s/MTAwMFgxMDAw/z/V6gAAOSwsttfrn7z/$_57.JPG?set_id=8800005007
plancha,"Plancha de Vapor - Bosch TDI903031A MotorSteam SensorSteam, Potencia 3000W.",383983965154,https://i.ebayimg.com/00/s/NTg3WDc4Ng==/z/YY4AAOSwDF5gOQKF/$_12.PNG?set_id=880000500F,https://i.ebayimg.com/00/s/NTg3WDc4Ng==/z/-IcAAOSwsxxgOQKF/$_12.PNG?set_id=880000500F,https://i.ebayimg.com/00/s/NTg3WDc4Ng==/z/1xsAAOSwryBgOQKF/$_12.PNG?set_id=880000500F,https://i.ebayimg.com/00/s/NTg3WDc4Ng==/z/tvwAAOSwuZZgOQKF/$_12.PNG?set_id=880000500F,https://i.ebayimg.com/00/s/NTg3WDc4Ng==/z/0bEAAOSw3hBgOQKF/$_12.PNG?set_id=880000500F,https://i.ebayimg.com/00/s/NTg3WDc4Ng==/z/SacAAOSwQjNgOQKF/$_12.PNG?set_id=880000500F,https://i.ebayimg.com/00/s/NTg3WDc4Ng==/z/4rEAAOSwQBtgOQKF/$_12.PNG?set_id=880000500F
plancha,Mini plancha a vapor,234029688654,https://i.ebayimg.com/00/s/NTAwWDUwMA==/z/Za0AAOSwz2FgsaAj/$_1.JPG?set_id=8800005007,https://i.ebayimg.com/00/s/NTAwWDUwMA==/z/ywQAAOSw8jNgsaAj/$_1.JPG?set_id=8800005007,https://i.ebayimg.com/00/s/NTAwWDUwMA==/z/I68AAOSwgrZgsaAj/$_1.JPG?set_id=8800005007,https://i.ebayimg.com/00/s/NTAwWDUwMA==/z/wiIAAOSwjR9gsaAj/$_1.JPG?set_id=8800005007,https://i.ebayimg.com/00/s/NTAwWDUwMA==/z/SR0AAOSwW9FgsaAk/$_1.JPG?set_id=8800005007,https://i.ebayimg.com/00/s/NTAwWDUwMA==/z/fY4AAOSw8HpgsaAj/$_1.JPG?set_id=8800005007
plancha,PLANCHA VAPOR RUSSELL HOBS 23590-56 6634499,124757138272,https://i.ebayimg.com/00/s/OTYzWDk2NA==/z/haQAAOSwAzVguVgw/$_1.JPG?set_id=880000500F,https://i.ebayimg.com/00/s/NDcwWDU2OQ==/z/QRkAAOSwwtVguVgw/$_1.JPG?set_id=880000500F
plancha,Plancha Orbegozo SV 2020/ 2000W -,373608984573,https://i.ebayimg.com/00/s/MTAwMFg4MDA=/z/q9QAAOSwaENgwO13/$_1.JPG?set_id=880000500F
plancha,PLANCHA VAPOR ROWENTA DR7009 6638698,124758530482,https://i.ebayimg.com/00/s/MTIwMFgxNjAw/z/CO0AAOSwiFtguqnG/$_1.JPG?set_id=880000500F,https://i.ebayimg.com/00/s/MTIwMFgxNjAw/z/GHYAAOSwbidguqnH/$_1.JPG?set_id=880000500F,https://i.ebayimg.com/00/s/MTIwMFgxNjAw/z/QjAAAOSwfKBguqnH/$_1.JPG?set_id=880000500F,https://i.ebayimg.com/00/s/MTIwMFgxNjAw/z/sdAAAOSwfUZguqnH/$_1.JPG?set_id=880000500F,https://i.ebayimg.com/00/s/MTIwMFgxNjAw/z/yO8AAOSwt5lguqnG/$_1.JPG?set_id=880000500F
xiaomi redmi note 8 pro,"Xiaomi redmi note 8 pro - 6gb+64gb - blanco-Dual-Sim - 6,53"" - 64mp-neu&ovp",234033528481,https://i.ebayimg.com/00/s/OTcwWDc1NA==/z/Qu0AAOSw3tlgt1Ka/$_57.JPG?set_id=8800005007
plancha,PLANCHA VAPOR PHILIPS AZUR ADVANCED OPTIMAL TEMP 6638872,124758530162,https://i.ebayimg.com/00/s/MTIwMFgxNjAw/z/xNIAAOSwKuRguqnF/$_1.JPG?set_id=880000500F,https://i.ebayimg.com/00/s/MTIwMFgxNjAw/z/wYUAAOSwZ0lguqnF/$_1.JPG?set_id=880000500F,https://i.ebayimg.com/00/s/MTIwMFgxNjAw/z/VAEAAOSw5pFguqnG/$_1.JPG?set_id=880000500F,https://i.ebayimg.com/00/s/MTIwMFgxNjAw/z/13EAAOSwU45guqnF/$_1.JPG?set_id=880000500F,https://i.ebayimg.com/00/s/MTIwMFgxNjAw/z/fgsAAOSwispguqnF/$_1.JPG?set_id=880000500F
xiaomi redmi note 8 pro,"Xiaomi redmi note 8 pro 64gb Pearl White nuevo Dual SIM 6,39"" smartphone OVP",164762280170,https://i.ebayimg.com/00/s/MTYwMFgxNjAw/z/64QAAOSwr~ZfCZjK/$_57.JPG?set_id=8800005007,https://i.ebayimg.com/00/s/MTYwMFgxNjAw/z/Yo0AAOSw6khfCZjO/$_57.JPG?set_id=8800005007,https://i.ebayimg.com/00/s/MTYwMFgxNjAw/z/4HoAAOSwRRxfCZjR/$_57.JPG?set_id=8800005007,https://i.ebayimg.com/00/s/MTYwMFgxNjAw/z/9n8AAOSw1HpfCZjV/$_57.JPG?set_id=8800005007,https://i.ebayimg.com/00/s/MTYwMFgxNjAw/z/hUwAAOSwO0NfCZjZ/$_57.JPG?set_id=8800005007,https://i.ebayimg.com/00/s/MTYwMFgxNjAw/z/veMAAOSwvXlfCZjb/$_57.JPG?set_id=8800005007,https://i.ebayimg.com/00/s/MTYwMFgxNjAw/z/G5gAAOSwfjtfCZje/$_57.JPG?set_id=8800005007,https://i.ebayimg.com/00/s/MTYwMFgxNjAw/z/PfMAAOSwxR9fCZjh/$_57.JPG?set_id=8800005007,https://i.ebayimg.com/00/s/MTYwMFgxNjAw/z/QMUAAOSwneZfCZjk/$_57.JPG?set_id=8800005007,https://i.ebayimg.com/00/s/MTYwMFgxNjAw/z/Gp4AAOSw0uxfCZjm/$_57.JPG?set_id=8800005007,https://i.ebayimg.com/00/s/MTYwMFgxNjAw/z/YWQAAOSwsEdfCZjp/$_57.JPG?set_id=8800005007,https://i.ebayimg.com/00/s/MTYwMFgxNjAw/z/wxUAAOSwkbNfCZjv/$_57.JPG?set_id=8800005007
iphone 8 plus,Smartphone Apple iPhone 8 Plus 64 GB Negro Segunda Mano,154458251665,https://i.ebayimg.com/00/s/MTYwMFgxMjAw/z/-jsAAOSw16Bgo4oz/$_12.JPG?set_id=880000500F,https://i.ebayimg.com/00/s/MTYwMFgxMjAw/z/EpMAAOSwTRRgo4o2/$_12.JPG?set_id=880000500F,https://i.ebayimg.com/00/s/MTYwMFgxMjAw/z/A38AAOSwObxgo4o5/$_12.JPG?set_id=880000500F,https://i.ebayimg.com/00/s/MTYwMFgxMjAw/z/mpsAAOSw0JVgo4o8/$_12.JPG?set_id=880000500F,https://i.ebayimg.com/00/s/MTYwMFgxMjAw/z/RBgAAOSwxaZgo4pA/$_12.JPG?set_id=880000500F,https://i.ebayimg.com/00/s/MTYwMFgxMjAw/z/RUsAAOSwkrFgo4pD/$_12.JPG?set_id=880000500F,https://i.ebayimg.com/00/s/MTYwMFgxMjAw/z/ReUAAOSwIgtgo4pG/$_12.JPG?set_id=880000500F
plancha,PLANCHA DE VAPOR 2400W SUELA DE CERAMICA VAPOR VERTICAL PLANCHA DE ROPA SILVANO,272225769076,https://i.ebayimg.com/00/s/OTMwWDEyMTQ=/z/XJEAAOSwKfVXIKWj/$_1.JPG?set_id=880000500F
plancha,PLANCHA VAPOR CLATRONIC TDC 3527 6654602,124767217237,https://i.ebayimg.com/00/s/MTIwMFgxNjAw/z/bukAAOSwhKpgwpLL/$_1.JPG?set_id=880000500F,https://i.ebayimg.com/00/s/MTIwMVgxNjAw/z/gzcAAOSwoCdgwpLL/$_1.JPG?set_id=880000500F,https://i.ebayimg.com/00/s/ODU3WDExNDI=/z/87QAAOSwzwZgwpLK/$_1.JPG?set_id=880000500F,https://i.ebayimg.com/00/s/MTIwMFgxNjAw/z/39cAAOSwN1FgwpLN/$_1.JPG?set_id=880000500F,https://i.ebayimg.com/00/s/MTIwMVgxNjAw/z/dSYAAOSwtH9gwpLL/$_1.JPG?set_id=880000500F
plancha,Plancha de vapor BOSCH TDA2651 Sensixx,324127336707,https://i.ebayimg.com/00/s/NTEyWDY5NA==/z/cgEAAOSw~15ei0OK/$_57.JPG?set_id=8800005007,https://i.ebayimg.com/00/s/MzU1WDU1Mg==/z/UqkAAOSwn8Jei0OL/$_57.JPG?set_id=8800005007
iphone 8 plus,Apple IPhone 8 64GB Gris Espacial Inmaculada Menta Plus prístina Estado Desbloqueado,324690610835,https://i.ebayimg.com/00/s/MTYwMFgxNjAw/z/VHsAAOSwrMpg0O0g/$_12.JPG?set_id=880000500F,https://i.ebayimg.com/00/s/MTYwMFgxNjAw/z/gQkAAOSwq-Ng0O0i/$_12.JPG?set_id=880000500F,https://i.ebayimg.com/00/s/MTYwMFgxNjAw/z/ZqsAAOSwz8pg0O0j/$_12.JPG?set_id=880000500F,https://i.ebayimg.com/00/s/MTYwMFgxNjAw/z/L3kAAOSwSyBg0O0k/$_12.JPG?set_id=880000500F,https://i.ebayimg.com/00/s/MTYwMFgxNjAw/z/JS4AAOSwZVFg0O0m/$_12.JPG?set_id=880000500F,https://i.ebayimg.com/00/s/MTYwMFgxNjAw/z/GuwAAOSwDw5g0O0r/$_12.JPG?set_id=880000500F,https://i.ebayimg.com/00/s/MTYwMFgxNjAw/z/EJoAAOSw5~9g0O0s/$_12.JPG?set_id=880000500F,https://i.ebayimg.com/00/s/MTYwMFgxNjAw/z/YtoAAOSwr2Ng0O0u/$_12.JPG?set_id=880000500F,https://i.ebayimg.com/00/s/MTYwMFgxNjAw/z/-rsAAOSwGh5g0O0v/$_12.JPG?set_id=880000500F,https://i.ebayimg.com/00/s/MTYwMFgxNjAw/z/EUgAAOSwbl9g0O0w/$_12.JPG?set_id=880000500F,https://i.ebayimg.com/00/s/MTYwMFgxNjAw/z/nWoAAOSwRCBg0O0y/$_12.JPG?set_id=880000500F,https://i.ebayimg.com/00/s/MTYwMFgxNjAw/z/gSMAAOSwq-Ng0O00/$_12.JPG?set_id=880000500F
xiaomi redmi note 8 pro,Xiaomi Redmi Note 8 Pro - 6GB & 128GB - Mineral Grey (Global Version) (Dual SIM),194039862617,https://i.ebayimg.com/00/s/MTQ5OFgxNDc2/z/g0sAAOSwC-5gdxEf/$_57.JPG?set_id=8800005007
xiaomi redmi note 8 pro,Xiaomi Redmi Note8 Pro Smartphone 6/64 GB GARANZIA ITALIA ,164875449133,https://i.ebayimg.com/00/s/MTUwMFg3MTM=/z/DQoAAOSwmI9gpi2B/$_57.JPG?set_id=8800005007,https://i.ebayimg.com/00/s/MTUwMFg3MTg=/z/pqQAAOSw63pgpi2E/$_57.JPG?set_id=8800005007,https://i.ebayimg.com/00/s/MTMyWDExMDI=/z/8osAAOSwyxVgpi1~/$_57.JPG?set_id=8800005007,https://i.ebayimg.com/00/s/NzE1WDE1MDA=/z/A5EAAOSwSeFgpi2D/$_57.JPG?set_id=8800005007,https://i.ebayimg.com/00/s/MTUwMFg4Ng==/z/K8QAAOSwDYpgpi1~/$_57.JPG?set_id=8800005007,https://i.ebayimg.com/00/s/MTUwMFg4ODI=/z/oxwAAOSwQDRgpi2C/$_57.JPG?set_id=8800005007
iphone 8 plus,Apple iPhone 8 Plus - 256GB-Gris espacial (O2),274839097735,https://i.ebayimg.com/00/s/MTYwMFgxMjAw/z/yDkAAOSwyDlgxfgw/$_12.JPG?set_id=880000500F,https://i.ebayimg.com/00/s/MTYwMFgxMjAw/z/bvIAAOSwZltgxfgx/$_12.JPG?set_id=880000500F,https://i.ebayimg.com/00/s/MTM3NFg4MDQ=/z/WPgAAOSw21hgvjYE/$_12.JPG?set_id=880000500F,https://i.ebayimg.com/00/s/MTQwMlg4MTU=/z/qkEAAOSwB6tgvjYL/$_12.JPG?set_id=880000500F,https://i.ebayimg.com/00/s/MTM4MFgxMDU2/z/yXcAAOSwUzVgvjYT/$_12.JPG?set_id=880000500F,https://i.ebayimg.com/00/s/MTQwNVgxMDUx/z/DJUAAOSwGr1gvjYX/$_12.JPG?set_id=880000500F,https://i.ebayimg.com/00/s/MTU2OFg5NzM=/z/5bMAAOSwM4JgvjYz/$_12.JPG?set_id=880000500F,https://i.ebayimg.com/00/s/MTYwMFgxMjAw/z/y5MAAOSwiyRgvjXz/$_12.JPG?set_id=880000500F,https://i.ebayimg.com/00/s/MTYwMFgxMjAw/z/HhwAAOSwp0hgvjX0/$_12.JPG?set_id=880000500F,https://i.ebayimg.com/00/s/MTYwMFgxMjAw/z/DBoAAOSwb-pgvjX2/$_12.JPG?set_id=880000500F,https://i.ebayimg.com/00/s/MTI0Mlg4MDc=/z/bKsAAOSwzmRgvjY-/$_12.JPG?set_id=880000500F,https://i.ebayimg.com/00/s/MTE4M1gxMDIy/z/rcAAAOSwB8JgvjZE/$_12.JPG?set_id=880000500F
xiaomi redmi note 8 pro,"Xiaomi redmi note 8 pro 128gb Pearl White nuevo Dual SIM 6,39"" smartphone OVP",164285801722,https://i.ebayimg.com/00/s/MTYwMFgxNjAw/z/64QAAOSwr~ZfCZjK/$_57.JPG?set_id=8800005007,https://i.ebayimg.com/00/s/MTYwMFgxNjAw/z/Yo0AAOSw6khfCZjO/$_57.JPG?set_id=8800005007,https://i.ebayimg.com/00/s/MTYwMFgxNjAw/z/4HoAAOSwRRxfCZjR/$_57.JPG?set_id=8800005007,https://i.ebayimg.com/00/s/MTYwMFgxNjAw/z/9n8AAOSw1HpfCZjV/$_57.JPG?set_id=8800005007,https://i.ebayimg.com/00/s/MTYwMFgxNjAw/z/hUwAAOSwO0NfCZjZ/$_57.JPG?set_id=8800005007,https://i.ebayimg.com/00/s/MTYwMFgxNjAw/z/veMAAOSwvXlfCZjb/$_57.JPG?set_id=8800005007,https://i.ebayimg.com/00/s/MTYwMFgxNjAw/z/G5gAAOSwfjtfCZje/$_57.JPG?set_id=8800005007,https://i.ebayimg.com/00/s/MTYwMFgxNjAw/z/PfMAAOSwxR9fCZjh/$_57.JPG?set_id=8800005007,https://i.ebayimg.com/00/s/MTYwMFgxNjAw/z/QMUAAOSwneZfCZjk/$_57.JPG?set_id=8800005007,https://i.ebayimg.com/00/s/MTYwMFgxNjAw/z/Gp4AAOSw0uxfCZjm/$_57.JPG?set_id=8800005007,https://i.ebayimg.com/00/s/MTYwMFgxNjAw/z/YWQAAOSwsEdfCZjp/$_57.JPG?set_id=8800005007,https://i.ebayimg.com/00/s/MTYwMFgxNjAw/z/wxUAAOSwkbNfCZjv/$_57.JPG?set_id=8800005007
iphone 8 plus,Apple iPhone 8 Plus 64GB Gris Espacial Excelente condición prístina Desbloqueado,324692385910,https://i.ebayimg.com/00/s/MTYwMFgxNjAw/z/~mIAAOSwPW1g13yy/$_12.JPG?set_id=880000500F,https://i.ebayimg.com/00/s/MTYwMFgxNjAw/z/fxMAAOSwGHhg13yz/$_12.JPG?set_id=880000500F,https://i.ebayimg.com/00/s/MTYwMFgxNjAw/z/r70AAOSwEfJg13y0/$_12.JPG?set_id=880000500F,https://i.ebayimg.com/00/s/MTYwMFgxNjAw/z/v4cAAOSwzm9g13y1/$_12.JPG?set_id=880000500F,https://i.ebayimg.com/00/s/MTYwMFgxNjAw/z/BPEAAOSwWt9g13y3/$_12.JPG?set_id=880000500F,https://i.ebayimg.com/00/s/MTYwMFgxNjAw/z/-BgAAOSwEvpg13y5/$_12.JPG?set_id=880000500F,https://i.ebayimg.com/00/s/MTYwMFgxNjAw/z/1L0AAOSwdJZg13y6/$_12.JPG?set_id=880000500F,https://i.ebayimg.com/00/s/MTYwMFgxNjAw/z/IJIAAOSw0b1g13y8/$_12.JPG?set_id=880000500F,https://i.ebayimg.com/00/s/MTYwMFgxNjAw/z/0BIAAOSwZKBg13y9/$_12.JPG?set_id=880000500F,https://i.ebayimg.com/00/s/MTYwMFgxNjAw/z/JlcAAOSwr~Zg13y-/$_12.JPG?set_id=880000500F,https://i.ebayimg.com/00/s/MTYwMFgxNjAw/z/SYIAAOSwjelg13zE/$_12.JPG?set_id=880000500F,https://i.ebayimg.com/00/s/MTYwMFgxNjAw/z/KYAAAOSwGbdg13zG/$_12.JPG?set_id=880000500F
iphone 8 plus,Apple Iphone 8 Plus 64GB LIBRE+USADO+GA,124715455524,https://i.ebayimg.com/00/s/MTAwMFgxMDAw/z/zhMAAOSwqpNglqBc/$_57.JPG?set_id=8800005007,https://i.ebayimg.com/00/s/NTAwWDQ5OQ==/z/gOAAAOSwtAZglp7i/$_57.JPG?set_id=8800005007,https://i.ebayimg.com/00/s/NzAwWDg2MA==/z/lw8AAOSwoGFglp7k/$_57.JPG?set_id=8800005007,https://i.ebayimg.com/00/s/ODg3WDQ2OA==/z/AmgAAOSwjR9glp7l/$_57.JPG?set_id=8800005007
plancha,PLANCHA VAPOR 2400W 160G GC299535,154500141571,https://i.ebayimg.com/00/s/NDU4WDQ1OA==/z/mX4AAOSw0G9gz1iY/$_1.JPG?set_id=8800005007,https://i.ebayimg.com/00/s/NDU4WDQ1OA==/z/TyoAAOSwe1Rgz1iY/$_1.JPG?set_id=8800005007,https://i.ebayimg.com/00/s/NDU4WDQ1OA==/z/xTAAAOSwyQZgz1iY/$_1.JPG?set_id=8800005007,https://i.ebayimg.com/00/s/NDU4WDQ1OA==/z/aNsAAOSwKIlgz1iY/$_1.JPG?set_id=8800005007
plancha,PLANCHA VAPOR XQQUO XTREMF1 6696269,124787094920,https://i.ebayimg.com/00/s/MTIwMFgxNjAw/z/tRgAAOSw0FFg1llz/$_1.JPG?set_id=880000500F,https://i.ebayimg.com/00/s/MTIwMFgxNjAw/z/9eQAAOSwn9tg1ll0/$_1.JPG?set_id=880000500F,https://i.ebayimg.com/00/s/MTIwMFgxNjAw/z/JzAAAOSwDjZg1llz/$_1.JPG?set_id=880000500F,https://i.ebayimg.com/00/s/MTIwMFgxNjAw/z/MVcAAOSwIcFg1llz/$_1.JPG?set_id=880000500F,https://i.ebayimg.com/00/s/MTIwMFgxNjAw/z/E1EAAOSwWWdg1llz/$_1.JPG?set_id=880000500F
plancha,PLANCHA VAPOR SELECLINE SELECLINE 6640455,124758533369,https://i.ebayimg.com/00/s/MTE5NVgxNjAw/z/vEcAAOSwzlZguqnX/$_1.JPG?set_id=880000500F,https://i.ebayimg.com/00/s/MTE5NVgxNjAw/z/n5oAAOSwq4BguqnY/$_1.JPG?set_id=880000500F,https://i.ebayimg.com/00/s/MTE5NVgxNjAw/z/0cUAAOSwo~BguqnY/$_1.JPG?set_id=880000500F,https://i.ebayimg.com/00/s/MTE5NVgxNjAw/z/mLgAAOSwnXFguqnY/$_1.JPG?set_id=880000500F,https://i.ebayimg.com/00/s/MTE5NVgxNjAw/z/N6MAAOSw3xVguqnY/$_1.JPG?set_id=880000500F
xiaomi redmi note 8 pro,"Xiaomi Redmi Note 8 PRO Dual Sim 128GB+6GB RAM 4G LTE 6.5"" BLUE NUOVO Global ",133315203429,https://i.ebayimg.com/00/s/ODAwWDgwMA==/z/L5oAAOSwi5xeLB9A/$_57.JPG?set_id=8800005007
plancha,PLANCHA VAPOR JIFFY J2 6660960,124769806187,https://i.ebayimg.com/00/s/MTIwMFgxNjAw/z/SagAAOSwVh5gxTW9/$_1.JPG?set_id=880000500F,https://i.ebayimg.com/00/s/MTIwMFgxNjAw/z/0XcAAOSwRUBgxTW-/$_1.JPG?set_id=880000500F,https://i.ebayimg.com/00/s/MTIwMFgxNjAw/z/-JkAAOSwUHtgxTW-/$_1.JPG?set_id=880000500F,https://i.ebayimg.com/00/s/MTIwMFgxNjAw/z/RPsAAOSwX~JgxTW9/$_1.JPG?set_id=880000500F,https://i.ebayimg.com/00/s/MTIwMFgxNjAw/z/sFAAAOSwbuZgxTW9/$_1.JPG?set_id=880000500F,https://i.ebayimg.com/00/s/MTIwMFgxNjAw/z/qMAAAOSwah9gxTW9/$_1.JPG?set_id=880000500F
xiaomi redmi note 8 pro,"XIAOMI Redmi Note 10 Pro 6,67"" HDR 128GB 8GB Gris",284308366935,https://i.ebayimg.com/00/s/ODAwWDgwMA==/z/r3MAAOSwNGtgrran/$_12.JPG?set_id=880000500F
iphone 8 plus,Apple iPhone 6 A1524 64GB 8MP teléfono inteligente iOS Plus Móvil Plateado Desbloqueado,363320493371,https://i.ebayimg.com/00/s/MTE5NVgxMTQ0/z/PoIAAOSw7GpgS5KO/$_1.JPG?set_id=880000500F,https://i.ebayimg.com/00/s/MTE0MlgxMDU0/z/WP0AAOSwt5ZgS5KP/$_1.JPG?set_id=880000500F,https://i.ebayimg.com/00/s/MTIwMFgxNjAw/z/pSYAAOSw-JBgS5KP/$_1.JPG?set_id=880000500F,https://i.ebayimg.com/00/s/MTIwMFgxNjAw/z/de0AAOSwuvBgS5KP/$_1.JPG?set_id=880000500F,https://i.ebayimg.com/00/s/MTE1NFgxMDM0/z/3I4AAOSwpsdgS5KP/$_1.JPG?set_id=880000500F,https://i.ebayimg.com/00/s/MTE1M1g4NTA=/z/duYAAOSwqSlgS5KP/$_1.JPG?set_id=880000500F,https://i.ebayimg.com/00/s/MTE3Nlg4MTc=/z/2MUAAOSw7FBgS5KP/$_1.JPG?set_id=880000500F,https://i.ebayimg.com/00/s/MTIwMFgxNjAw/z/Z6kAAOSwJVxgS5KP/$_1.JPG?set_id=880000500F,https://i.ebayimg.com/00/s/MTIwMFgxNjAw/z/~v4AAOSw7VRgS5KP/$_1.JPG?set_id=880000500F,https://i.ebayimg.com/00/s/MTIwMFgxNjAw/z/EsoAAOSwSUBgS5KP/$_1.JPG?set_id=880000500F,https://i.ebayimg.com/00/s/MTIwMFgxNjAw/z/FAkAAOSw~jlgS5KP/$_1.JPG?set_id=880000500F,https://i.ebayimg.com/00/s/MTIwMFgxNjAw/z/WewAAOSwBzdgS5KP/$_1.JPG?set_id=880000500F
plancha,PLANCHA VAPOR TAURUS ADRIA 2000 6657854,124768579667,https://i.ebayimg.com/00/s/MTIwMFgxNjAw/z/TuQAAOSwzO5gw-R0/$_1.JPG?set_id=880000500F,https://i.ebayimg.com/00/s/NTM3WDcxNg==/z/LCsAAOSw7DZgw-Ry/$_1.JPG?set_id=880000500F,https://i.ebayimg.com/00/s/MTIwMFgxNjAw/z/4bgAAOSwRoJgw-R0/$_1.JPG?set_id=880000500F,https://i.ebayimg.com/00/s/MTIwMFgxNjAw/z/VO4AAOSwvuRgw-R0/$_1.JPG?set_id=880000500F,https://i.ebayimg.com/00/s/MTIwMFgxNjAw/z/Jt4AAOSwI4Ngw-R0/$_1.JPG?set_id=880000500F
iphone 8 plus,"Grado A3 Apple iPhone 8 Gris Espacial 5.5"" 64GB 4G Plus A3/MQ8L2B/A/EE/MV",133655742358,https://i.ebayimg.com/00/s/MTUwMFgxNTAw/z/R4wAAOSw199gG7ly/$_12.PNG?set_id=880000500F,https://i.ebayimg.com/00/s/MTUwMFgxNTAw/z/cisAAOSwXR1gG7lz/$_12.PNG?set_id=880000500F,https://i.ebayimg.com/00/s/MTUwMFgxNTAw/z/8moAAOSw~nBgG7ly/$_12.PNG?set_id=880000500F
iphone 8 plus,Apple iPhone 8 Plus - 64GB-Gris espacial (Vodafone) (GSM),194219497107,https://i.ebayimg.com/00/s/MTQwMFgxNDAw/z/qp0AAOSwEd5gx7la/$_12.JPG?set_id=880000500F
xiaomi redmi note 8 pro,"XIAOMI Redmi Note 10 Pro 6,67"" HDR 128GB 8GB Bronz",284320902012,https://i.ebayimg.com/00/s/ODAwWDgwMA==/z/uPYAAOSw9jdgupoz/$_12.JPG?set_id=880000500F
plancha,PLANCHA VAPOR SOLAC SENSOR 6639483,124758532855,https://i.ebayimg.com/00/s/MTIwMFgxNjAw/z/9EsAAOSwk~dguqnZ/$_1.JPG?set_id=880000500F,https://i.ebayimg.com/00/s/MTIwMFgxNjAw/z/pYQAAOSwf0ZguqnX/$_1.JPG?set_id=880000500F,https://i.ebayimg.com/00/s/MTIwMFgxNjAw/z/ZcIAAOSw9P9guqnY/$_1.JPG?set_id=880000500F,https://i.ebayimg.com/00/s/MTIwMFgxNjAw/z/LE8AAOSwNo9guqnX/$_1.JPG?set_id=880000500F,https://i.ebayimg.com/00/s/MTIwMFgxNjAw/z/GwkAAOSwnb9guqnX/$_1.JPG?set_id=880000500F
xiaomi redmi note 8 pro,"XIAOMI Redmi Note 8 Pro 6.53"" OC2GHz 128GB 6GB Azu",324523923805,https://i.ebayimg.com/00/s/NjAwWDYwMA==/z/iA8AAOSwbuFgUHqT/$_1.JPG?set_id=880000500F
plancha,PLANCHA VAPOR ROWENTA 2700W 6695357,124787093224,https://i.ebayimg.com/00/s/MTIwMFgxNjAw/z/3EIAAOSwrV9g1lk-/$_1.JPG?set_id=880000500F,https://i.ebayimg.com/00/s/MTIwMFgxNjAw/z/BocAAOSwgpdg1lk-/$_1.JPG?set_id=880000500F,https://i.ebayimg.com/00/s/MTIwMFgxNjAw/z/w4oAAOSwZpdg1lk~/$_1.JPG?set_id=880000500F,https://i.ebayimg.com/00/s/MTIwMFgxNjAw/z/AmkAAOSwGw1g1lk~/$_1.JPG?set_id=880000500F,https://i.ebayimg.com/00/s/MTIwMFgxNjAw/z/9y4AAOSwHF5g1lk-/$_1.JPG?set_id=880000500F
